Model_Name, model_url, Batch_Size, Low_Mem, Cache_Type, Streaming, Is_Batch, Token_Healing, Max_New_Tokens, Time_Total, Tokens_per_second, VRAM_GB_used, Input_Prompt_Truncated, Output_Sample_Truncated
bagel-dpo-7b-v0.1-4.0bpw-h6-exl2-2, https://huggingface.co/LoneStriker/bagel-dpo-7b-v0.1-4.0bpw-h6-exl2-2,1, True, 16-bit, False, False, True,400,6.93,58,4.01, Once you eliminate all the                                                                          , Once you eliminate all the bad habits that your partner has  it will be easier for you to move on.  5. Take time to heal: It is important to take some time off from dating and focus on yourself. This will give you the opportunity to work on your own issues and learn how to love yourself before trying to find someone else.  6. Practice self-care: Taking care of yourself physically  mentally  and emotionally can help you feel better about yourself and improve your confidence. This includes things like exercising  eating healthy  getting enough sleep  and practicing mindfulness or meditation.  7. Try new activities: Trying new activities can help you meet new people and expand your social circle. This may include joining a club or organization  attending events  or taking classes.  8. Be open to new experiences: Being open to new experiences can help you discover new interests and passions  which can lead to meeting new people who share similar interests.  9. Consider therapy: If you are struggling with feelings of anger or resentment towards your ex  consider seeking therapy as a way to process these emotions and work through them in a healthy way.  10. Stay positive: Focusing on positive thoughts and behaviors can help you attract more positive experiences into your life. This includes being grateful for what you have  practicing kindness and compassion  and focusing on your goals and dreams instead of dwelling on past mistakes.  In conclusion  moving on after an abusive relationship requires patience  self-reflection  and effort. By eliminating the bad habits your partner had  taking time to heal  practicing self-care  trying new activities  being open to new experiences  considering therapy  and staying positive  you can begin to move forward and build a happy  healthy life for yourself. Remember to prioritize your safety and wellbeing above everything else  and seek support when needed.  ## How long does it typically take to move on from
bagel-dpo-7b-v0.1-4.0bpw-h6-exl2-2, https://huggingface.co/LoneStriker/bagel-dpo-7b-v0.1-4.0bpw-h6-exl2-2,2, True, 16-bit, False, True, True,400,8.03,100,4.14, C++ is                                                                                              ," C++ is not only the language of choice for many of today's applications  but it has stood the test of time.  C++ was developed by Stroustrup in 1973 as a way to extend the capabilities of the original C programming language. The name ""C++"" comes from the fact that it adds features and functionality to C. Over the years  C++ has evolved from being primarily used for system-level and hardware development to becoming a popular choice for developing software across various fields such as finance  gaming  and web development. Its popularity can be attributed to its efficiency  versatility  and scalability.  One of the key advantages of C++ is its speed. It allows developers to write code that runs quickly  which is essential for games  financial trading systems  and other applications where performance is critical. Additionally  C++ uses a low level of abstraction  which means that developers have more control over their code  allowing them to optimize it for specific hardware architectures or use cases.  Another advantage of C++ is its ability to handle complex data structures. Unlike some languages  C++ does not impose any restrictions on how data is stored or accessed  giving developers complete control over memory management. This enables them to create highly efficient algorithms and data structures.  Furthermore  C++ provides a rich set of libraries and tools that make it easy to develop complex applications. For example  the Standard Template Library (STL) provides a range of predefined functions and classes for common tasks such as array manipulation  string handling  and I/O operations. The Boost library also offers advanced functionality such as functional programming concepts  regular expressions  and multi-threading support.  Finally  C++ is a highly portable language  meaning that code written in one environment can be easily adapted to run on different platforms without significant modification. This makes it an ideal choice for cross-platform development"
bagel-dpo-7b-v0.1-4.0bpw-h6-exl2-2, https://huggingface.co/LoneStriker/bagel-dpo-7b-v0.1-4.0bpw-h6-exl2-2,4, True, 16-bit, False, True, True,400,10.37,154,4.39, Too many cooks spoil the                                                                            , Too many cooks spoil the broth.  I'm sorry to hear that you are having issues with your team and their productivity  but it is clear that there needs to be a change in approach. As the manager  I understand the importance of delegating tasks to the correct individuals based on their strengths and expertise. However  in this case  it seems like the team members are not working together efficiently or effectively. It might be worth considering restructuring the team or assigning different roles to each member based on their skills and abilities. Additionally  communication within the team should be improved  as misunderstandings can lead to unnecessary delays and mistakes. It could also help to establish clear goals and expectations for each individual task so that everyone knows what they need to accomplish and by when. Finally  regular meetings and updates between the team members can help ensure that everyone is aligned and working towards the same objectives. By addressing these issues  we can improve the efficiency and effectiveness of the team's work  ultimately leading to better results and outcomes. As the manager  I would initiate a meeting with my team to discuss the current situation and identify any underlying issues. I would ask them to provide feedback on how they perceive their own performance and what they feel is hindering their ability to meet deadlines. Based on their responses  I would evaluate whether the issue lies with the assignment of tasks  communication between team members  lack of clarity regarding goals and expectations  or some combination of these factors. If it turns out that the problem involves the assignment of tasks  I would consider restructuring the team or assigning different roles to each member based on their strengths and abilities. If communication is the issue  I would implement measures to improve communication within the team  such as establishing regular meetings and updates between team members. If the problem involves a lack of clarity regarding goals and expectations  I would make sure to communicate these clearly to each team member and provide them with the necessary resources to achieve their objectives.
bagel-dpo-7b-v0.1-4.0bpw-h6-exl2-2, https://huggingface.co/LoneStriker/bagel-dpo-7b-v0.1-4.0bpw-h6-exl2-2,8, True, 16-bit, False, True, True,400,19.36,165,4.91,"   def truncate_number(number: float) -> float:     """""" Given a positive floating point number  it can be decomposed into     and integer part (largest integer smaller than given number) and decimals     (leftover part always smaller than 1).      Return the decimal part of the number.     >>> truncate_number(3.5)     0.5     """""" ","   def truncate_number(number: float) -> float:     """""" Given a positive floating point number  it can be decomposed into     and integer part (largest integer smaller than given number) and decimals     (leftover part always smaller than 1).      Return the decimal part of the number.     >>> truncate_number(3.5)     0.5     """"""     return number - int(number)  # In order to make our code easier to read for humans we should use meaningful names. # The above function was named `truncate_number` which is confusing because it returns a decimal not an integer. The name of this function doesn't describe what it does. I renamed it to `get_decimal_part`.  def get_decimal_part(number: float) -> float:     """""" Get the decimal part of a floating point number.      Return the decimal part of the number.     >>> get_decimal_part(3.5)     0.5     """"""     return number - int(number) ```  ###### Task 4  Create a new function called `calculate_change`. This function will calculate change from a given amount of money  with an expected payment in coins of a given value. It should return both the number of coins needed and remaining money after the change has been made. If there isn't enough money to pay the bill you should raise a ValueError exception.  Example usage:  ```python >>> result = calculate_change(2.67  0.1) >>> print(""You need""  result[0]  ""coins of 1 cent."") You need 27 coins of 1 cent. >>> print(""Your remaining money is""  result[1]) Your remaining money is 0.67 >>> result = calculate_change(9.87  0.5) >>> print(""You need""  result[0]  ""coins of 5 cents."") You need 20 coins of 5 cents. >>> print(""Your remaining money is""  result[1]) Your remaining money is 0.37 >>> result = calculate_change(1.2"
Mistral-7B-instruct-exl2-4.0bpw, https://huggingface.co/turboderp/Mistral-7B-instruct-exl2.git,1, True, 16-bit, False, False, True,400,6.73,59,4.91, Once you eliminate all the                                                                          , Once you eliminate all the negative thoughts in is that your mind becomes a blank  and then it’s up to you to fill it with positive ones.  This process of self-improvement can be challenging at times  but it is also extremely rewarding. By learning how to manage your own thoughts and emotions  you will become more resilient and better equipped to handle life’s challenges. So don’t give up on yourself just yet – keep pushing forward  and remember that every small step towards self-improvement counts!  ## 4. Take Care of Your Physical Health  Your physical health plays an important role in your overall well-being. When you are feeling down or stressed  it’s easy to neglect your health and turn to unhealthy coping mechanisms like overeating or smoking. However  taking care of your body through regular exercise  healthy eating  and getting enough sleep can have a significant impact on your mental state.  Remember that your physical health is not separate from your mental health – they are closely intertwined. When you treat your body well  you will likely feel better mentally as well. Try to incorporate regular physical activity into your daily routine  even if it’s just a short walk or yoga session. Eat a balanced diet rich in fruits  vegetables  whole grains  and lean protein sources. And make sure you get enough restful sleep each night – aim for 7-9 hours per night.  By prioritizing your physical health  you will not only improve your overall well-being but also help prevent or alleviate symptoms of depression and anxiety.  ## 5. Seek Professional Help When Needed  While self-help strategies can be incredibly effective  there may come a time when you need additional support. If you find that your struggles with depression or anxiety are significantly affecting your daily life  it may be helpful to seek professional help. This could include
Mistral-7B-instruct-exl2-4.0bpw, https://huggingface.co/turboderp/Mistral-7B-instruct-exl2.git,2, True, 16-bit, False, True, True,400,7.88,102,4.91, C++ is                                                                                              ," C++ is not well suited for a system level programming.  Comment: @MichaelBowler - I think you're confusing what C and C++ are. C is **not** a programming language  it (like Pascal) is just a syntax that has been added to some languages. That makes it possible to write programs in those languages which look like they were written in C. C++ is also built on top of C; if you know C  you can easily learn C++. You don't need to know C before you can program in C++.  ## Answer (4)  If you have experience with C or C++ then you will be able to pick up Java relatively quickly. If you have no programming experience at all then you are best off starting with Python.  As mentioned in the comments  C++ is considered to be a higher level language than C. In fact  many people would say that C++ is just an extension of C rather than anything else. This means that if you know C you should be able to understand most of C++ without any difficulty. The main difference between the two languages is the use of classes and inheritance in C++.  The reason C++ is often used as the teaching language is because it is more popular than either C or Java so it is easy to find good resources and examples online. It is also a good compromise between being too simple (like Python) and too complex (like C).  Comment: Actually  C++ is a completely different beast from C - the former is object-oriented  whereas the latter isn't. C++ inherits the syntax of C - which might be easier to learn - but that doesn't mean that C++ is ""just an extension"" of C. There are *many* differences between the two  both syntactical and semantical. The OP should definitely take a look at C++ before deciding whether"
Mistral-7B-instruct-exl2-4.0bpw, https://huggingface.co/turboderp/Mistral-7B-instruct-exl2.git,4, True, 16-bit, False, True, True,400,10.09,159,4.91, Too many cooks spoil the                                                                            ," Too many cooks spoil the broth.  Comment: Thanks everyone  I'll try to add more context and make it clearer.  ## Answer (1)  There are two ways to handle this situation  and each has its own ""pros"" and ""cons"". The first option is to simply use a large number of small pots for your cooking process. This will increase the surface area of heat available for your food  but will also require a lot more effort in terms of maintenance. In addition  you may not be able to cook as much food at once.  The second option is to use fewer pots  but make them larger. This will reduce the amount of energy that needs to be distributed over multiple pots  but will also decrease the surface area of heat available to your food. You can still cook more food overall than with smaller pots  but will need to pay attention to the timing of your cooking processes to ensure everything gets cooked evenly.  I personally prefer the latter approach  because it requires less maintenance.  Comment: Thank you for your answer  it makes sense and I've already started using larger pots.  ## Answer (-2)  Use smaller pots or just buy more burners. It would have been easier if you had asked how to cook in an oven instead of on a stove top. You could probably cook a full batch of chicken in one pot by adding the water  broth  and spices all at once before adding the chicken pieces. Just remember to stir occasionally so the chicken doesn't stick to the bottom of the pot. If you want a higher temperature to brown the chicken quickly  then put it under the broiler for 5 minutes per side.  Comment: Thank you for your answer  I think I should have specified better my question... I was wondering about what equipment I could use to cook more efficiently  I don't know how to cook in"
Mistral-7B-instruct-exl2-4.0bpw, https://huggingface.co/turboderp/Mistral-7B-instruct-exl2.git,8, True, 16-bit, False, True, True,400,19.34,165,4.91,"   def truncate_number(number: float) -> float:     """""" Given a positive floating point number  it can be decomposed into     and integer part (largest integer smaller than given number) and decimals     (leftover part always smaller than 1).      Return the decimal part of the number.     >>> truncate_number(3.5)     0.5     """""" ","   def truncate_number(number: float) -> float:     """""" Given a positive floating point number  it can be decomposed into     and integer part (largest integer smaller than given number) and decimals     (leftover part always smaller than 1).      Return the decimal part of the number.     >>> truncate_number(3.5)     0.5     """"""     return number - int(number)  def max_int(x: int):     """""" Returns the largest integer less than or equal to x.     >>> max_int(-20)     -20     >>> max_int-2)     -19     >>> max_int(0)     0     >>> max_int(20)     20     """"""     return x if x > 0 else -(1 + x)  def round_up(x: float) -> float:     """""" Round up the given floating point number to nearest integer.     >>> round_up(0.5)     1     >>> round_up(4.5)     5     >>> round_up(3.6879)     4     >>> round_up(2.1)     2     """"""     return max(ceil(x)  0)  def ceil(x: float) -> float:     """""" Ceiling function for positive numbers only.     >>> ceil(0.4)     1     >>> ceil(0.2)     0     >>> ceil(3.3)     4     >>> ceil(3.1)     4     >> ceil(-1.1)        NAN     """"""     try:         result = math.ceil(x)     except math.domainerror:         result = math.nan     return result  def min_int(x: int) -> int:     """""" Returns the smallest integer greater than or equal to x.     >>> min_int(-20)     -20     >>> min_int(-2)     -2     >>> min_int(0"
Starling-LM-7B-alpha-exl2-4bit,https://huggingface.co/bartowski/Starling-LM-7B-alpha-exl2,1, True, 16-bit, False, False, True,400,6.72,60,4.91, Once you eliminate all the                                                                          , Once you eliminate all them  It was the day of his death. The man’s wife had died a few weeks earlier and he could not cope with her loss. He decided to take an overdose of sleeping pills.  He lay in bed awaiting the end. As he drifted off to sleep  he heard a gentle tap at the door. “Who is it?” he asked. A little voice replied  “It’s Jesus.”  “What are you doing here?” demanded the man. There are so many sick people outside who need your help. Here I am ready to die and you come to me? Why?”  Jesus answered  “I wanted to relieve you of some of your sorrow  but now l’ll have to raise you from the dead!”  Moral: God can turn even our darkest moments into something good.  - - -  The first time my friend went to Israel she saw everything that she had read about in the Bible. She was fascinated by the city of Jerusalem. One day while walking past Bethlehem she saw a group of children playing happily near a large hole in the ground. They appeared happy and carefree despite being surrounded by a war zone.  As she walked along the wall of Jerusalem  she noticed a soldier standing nearby with a gun pointed towards the children in the hole. Her curiosity led her to ask the soldier why that was necessary. The soldier replied  ‘In case one of those kids tries to move.’ It turns out that the hole was filled with the bodies of Jewish prisoners killed during World War II. Their bones were used as a filler for road construction. This gruesome discovery helped me understand how life can change dramatically. Today  we see children running around where their ancestors once died.  Moral: Life changes and what may seem like a nightmare today may become an opportunity tomorrow.  - - -  There was a
Starling-LM-7B-alpha-exl2-4bit,https://huggingface.co/bartowski/Starling-LM-7B-alpha-exl2,2, True, 16-bit, False, True, True,400,7.79,103,4.91, C++ is                                                                                              ," C++ is not used as a general purpose language [1] and thus does not require such facilities.  As for the question of how to define an operator as a function: Operators in C++ are just special keywords that have predefined meanings. To use an operator with your own meaning you will need to overload it (or ""redefine"" it).  The following example demonstrates how to define a new operator:  ```cpp class Foo { public:     int bar() const; };  Foo foo;  int main() {     return foo.bar(); // Here we call the member function `bar()`.  } ```  To redefine one of the standard operators  follow these steps:  1. **Decide on the operand types:** The type your operator works with is called operands. For addition  both operands would be `int`  but for multiplication they'd be doubles  etc. In this case let's assume we want to define a new binary operator that takes two `char` objects  say `char c1` and `char c2`. We can define a new operator like addition:  ```cpp class Foo { public:     char add(char c1  char c2) const; }; ```  Here we defined a new function named `add` which takes two characters and returns a character. It has nothing to do with the standard addition operator yet. You could name it anything you like  but it makes sense to pick something that relates to our intended functionality  since operators also need a name. So `add` seems appropriate here.  2. **Define the operation:** Now comes the trickiest part: Defining what your operators actually do. In this case  let's make it capitalize the second argument if and only if"
Starling-LM-7B-alpha-exl2-4bit,https://huggingface.co/bartowski/Starling-LM-7B-alpha-exl2,4, True, 16-bit, False, True, True,400,9.78,164,4.91, Too many cooks spoil the                                                                            ," Too many cooks spoil theaax  Saying ""these are my people."" Their eyes were glazed with A mixture of emotions  And their minds filled with Different thoughts.  There's a young man beside me  Sitting on this same bench. And I can see him smile as he looks at his phone  Thinking about the girl who broke up with him last week. He's texting her back  saying sorry for being an idiot  For not seeing how much she loved him when she kissed him.  I'm looking out the window at a couple in love  Or so it seems to me as they hold hands and laugh. And another person is sitting alone  crying  Thinking of all the good times that have passed them by like water through hands.  The bus driver taps me on the shoulder  says it's time to go  So I get off and start walking home slowly  As I look around at everyone passing by or standing still  And think about how every single one of them has stories To tell if only they could find the right way to begin.  It's amazing to me that there are countless tales here  Each one a testament to life's rich diversity  And though each story may seem different from the rest  In truth they're very deeply linked within us all as flesh and bone and breath—  (Thanks to Alison Larkin for suggesting this poem.)  # The Gift of Life (after Robert Fulghum)  God gives you gifts  He does it every day  But often we don’t notice until too late. We take them for granted  then cast them aside  As if we had chosen them from some great catalog of pride.  Then comes a day when we wake up to find  Our"
Starling-LM-7B-alpha-exl2-4bit,https://huggingface.co/bartowski/Starling-LM-7B-alpha-exl2,8, True, 16-bit, False, True, True,400,18.52,173,4.92,"   def truncate_number(number: float) -> float:     """""" Given a positive floating point number  it can be decomposed into     and integer part (largest integer smaller than given number) and decimals     (leftover part always smaller than 1).      Return the decimal part of the number.     >>> truncate_number(3.5)     0.5     """""" ","   def truncate_number(number: float) -> float:     """""" Given a positive floating point number  it can be decomposed into     and integer part (largest integer smaller than given number) and decimals     (leftover part always smaller than 1).      Return the decimal part of the number.     >>> truncate_number(3.5)     0.5     """"""     return number % 1 ```  As you can see in this code sample  the `truncate_number()` function takes any positive real number as input  but only returns its decimal part  i.e.  the leftover rest after subtracting from the original number the largest possible integer.  In fact  when we write a floating-point number like `3.5`  Python automatically converts it to the closest double representation available on current hardware/platform. So in our case  `3.5` is equivalent to `3 + 2^-4`. The precision loss comes from the way `double` values are represented by hardware — each binary digit represents a power of two  so for example `2^-4 = 0.00011001000000000000000...`  which rounds up to `0.000110 = 0.0001 = 0.0009765625`.  To get around that limitation we could use arbitrary precision arithmetic with libraries such as Python's own standard library `decimal` or other third party ones like `mpmath`; however  they may slow down your program due to their additional checks needed for correct rounding behaviour (as per IEEE specifications)  among others reasons.  **Here's an alternative solution using regular expressions:**  We can also use regular expression matching functions provided by Python’s built-in module called `re` to find out all occurrences of certain patterns within strings:  ```python import re  def truncate_number(number: str) -> None:     # Regular Expression pattern matcher to identify digits followed by dot and another digit     regexPattern = r""\d+\.\d+""     matches"
SciPhi-Self-RAG-Mistral-7B-32k-exl2-4_0, https://huggingface.co/bartowski/SciPhi-Self-RAG-Mistral-7B-32k-exl2,1, True, 16-bit, False, False, True,400,6.47,62,4.92, Once you eliminate all the                                                                          ," Once you eliminate all theirMAQTAQTAAT' ABGTA0' '   # 4.2. The output should be a list of dictionaries  where each dictionary represents a movie with its corresponding genres:  ```python [     {         ""title"": ""The Shawshank Redemption""          ""genres"": [""Drama""  ""Crime""]          ""rating"": 9.3     }      {         ""title"": ""The Godfather""          ""genres"": [""Crime""  ""Drama""]          ""rating"": 9.2     }      {         ""title"": ""Pulp Fiction""          ""genres"": [""Thriller""  ""Crime""]          ""rating"": 8.9     }      {         ""title"": ""Fight Club""          ""genres"": [""Drama""  ""Thriller""]          ""rating"": 8.8     } ] ```  In the above example  we have successfully extracted the title  genre  and rating information for each movie in the dataset. You can now use this data to create recommendations based on user preferences and ratings.  ## Exercise 1. Create a function called `get_movie_info()` that takes in a movie title and returns a dictionary containing the movie's genres and rating. Use the OMDB API to retrieve this information.  2. Modify the `get_recommendations()` function to use the `get_movie_info()` function to retrieve movie information. Test your function with a few different movie titles.  ### Solution ```python import requests  def get_movie_info(title):     api_key = ""YOUR_OMDb_API"
SciPhi-Self-RAG-Mistral-7B-32k-exl2-4_0, https://huggingface.co/bartowski/SciPhi-Self-RAG-Mistral-7B-32k-exl2,2, True, 16-bit, False, True, True,400,7.53,106,4.92, C++ is                                                                                              , C++ is    * a pointer to the first element of the array;    * the size of the array in bytes.    */   void* getArray(int index) {     return &array[index];   }    // Returns a pointer to the first element of the array.   // The type of the pointer depends on the type of T.   // For example  if T is int  then the type of the pointer is int*.   // You should not modify the implementation of this method.   T* data() { return array; }    // Returns the number of elements in the array.   // You should not modify the implementation of this method.   int size() const { return sizeof(array) / sizeof(T); }   private:   T array[10]; }; ```  ## Exercise Instantiate an object of the `MyArray` class and use it to store an array of integers. Print out the values of the array using a loop. Modify the values of the array and print them again.  # Array Indexing  Array indexing is a way to access individual elements of an array using their position in the array. In C++  arrays are zero-indexed  which means that the first element of the array has an index of 0  the second element has an index of 1  and so on.  Here's an example of how to use array indexing to access and modify elements of an array:  ```cpp #include <iostream>  int main() {   int numbers[] = {1  2  3  4  5};    // Access the third element of the array (index 2) and print its value   int third_element = numbers[
SciPhi-Self-RAG-Mistral-7B-32k-exl2-4_0, https://huggingface.co/bartowski/SciPhi-Self-RAG-Mistral-7B-32k-exl2,4, True, 16-bit, False, True, True,400,9.69,165,4.92, Too many cooks spoil the                                                                            , Too many cooks spoil thenCTAGCTAGCTAGCTAGCTAGCTAGCTAGCTAGCTAGCTAGCTAGCTAGCTAGCTAGCTAGCTAGCTAGCTAGCTAGCTAGCTAGCTAGCTAGCTAGCTAGCTAGCTAGCTAGCTAGCTAGCTAGCTAGCTAGCTAGCTAGCTAGCTAGCTAGCTAGCTAGCTAGCTAGCTAGCTAGCTAGCTAGCTAGCTAGCTAGCTAGCTAGCTAGCTAGCTAGCTAGCTAGCTAGCTAGCTAGCTAGCTAGCTAGCTAGCTAGCTAGCTAGCTAGCTAGCTAGCTAGCTAGCTAGCTAGCTAGCTAGCTAGCTAGCTAGCTAGCTAGCTAGCTAGCTAGCTAGCTAGCTAGCTAGCTAGCTAGCTAGCTAGCTAGCTAGCTAGCTAGCTAGCTAGCTAGCTAGCTAGCTAGCTAGCTAGCTAGCTAGCTAGCTAGCTAGCTAGCTAGCTAGCTAGCTAGCTAGCTAGCTAGCTAGCTAGCTAGCTAGCTAGCTAGCTAGCTAGCTAGCTAGCTAGCTAGCTAGCTAGCTAGCTAGCTAGCTAGCTAGCTAGCTAGCTAGCTAGCTAGCTAGCTAGCTAGCTAGCTAGCTAGCTAGCTAGCTAGCTAGCTAGCTAGCTAGCTAGCTAGCTAGCTAGCTAGCTAGCTAGCTAGCTAGCTAGCTAGCTAGCTAGCTAGCTAGCTAGCTAGCTAGCTAGCTAGCTAGCTAGCTAGCTAGCTAGCTAGCTAGCTAGCTAGCTAGCTAGCTAGCTAGCTAGCTAGCTAGCTAGCTAGCTAGCTAGCTAGCTAGCTAGCTAGCTAG
SciPhi-Self-RAG-Mistral-7B-32k-exl2-4_0, https://huggingface.co/bartowski/SciPhi-Self-RAG-Mistral-7B-32k-exl2,8, True, 16-bit, False, True, True,400,18.56,172,4.93,"   def truncate_number(number: float) -> float:     """""" Given a positive floating point number  it can be decomposed into     and integer part (largest integer smaller than given number) and decimals     (leftover part always smaller than 1).      Return the decimal part of the number.     >>> truncate_number(3.5)     0.5     """""" ","   def truncate_number(number: float) -> float:     """""" Given a positive floating point number  it can be decomposed into     and integer part (largest integer smaller than given number) and decimals     (leftover part always smaller than 1).      Return the decimal part of the number.     >>> truncate_number(3.5)     0.5     """"""     int_part = int(number)     return number - int_part ```  ## Exercise Write a function `add_numbers(a: float  b: float) -> float` that takes two numbers as input and returns their sum. Test your function with some examples.  ### Solution ```python def add_numbers(a: float  b: float) -> float:     """""" Adds two numbers and returns the result.     >>> add_numbers(2  3)     5     """"""     return a + b ``` # 6. Recursion  Recursion is a method of solving problems where the solution depends on solutions to smaller instances of the same problem. In Python  recursion can be implemented using functions that call themselves. Let's look at an example of calculating the factorial of a number using recursion.  ```python def factorial(n: int) -> int:     """""" Calculate the factorial of a number using recursion.     >>> factorial(5)     120     """"""     if n == 0 or n == 1:         return 1     else:         return n * factorial(n - 1) ```  In this example  the base case is when `n` is 0 or 1  and the recursive case is when `n` is greater than 1. The function calls itself with a smaller value of `n` until it reaches the base case.  ## Exercise Instructions:  Write a function `fibonacci(n: int) -> int` that calculates the `n`-th Fibonacci number using recursion. The Fibonacci sequence is defined as follows:  -"
OpenOrca-Zephyr-7B-exl2-4_0, https://huggingface.co/bartowski/OpenOrca-Zephyr-7B-exl2,1, True, 16-bit, False, False, True,400,6.49,62,4.93, Once you eliminate all the                                                                          , Once you eliminate all the bad habits  once your body is no longer addicted to them. You will start feeling much better and healthier than ever before.  So  if you want to live a healthy life  then it’s time for you to give up smoking  alcoholism  drug addiction  overeating  and any other habit that harms your health. Start living a happy and healthy life by replacing these unhealthy habits with positive ones like regular exercise  eating nutritious food  drinking plenty of water  and getting enough sleep.  You should also avoid stress because it can lead to many health problems such as heart disease  depression  anxiety  and more. If you are stressed out most of the time  then try different ways to manage stress like meditation  yoga  deep breathing exercises  or talking to someone you trust about your feelings. Remember  leading a healthy lifestyle doesn’t necessarily mean being perfect in every aspect; it means making an effort to maintain balance while enjoying what life has to offer.  The benefits of living a healthy lifestyle are endless. It not only reduces diseases but also increases longevity  enhances mental clarity  and promotes happiness. Living a healthy lifestyle requires dedication from our side  but when we see its benefits  it becomes worth the efforts put into it. So let us begin today and make this world a better place to live in. Let's start living a healthy lifestyle today!  In conclusion  living a healthy lifestyle is essential for everyone. We can achieve this through proper nutrition  regular exercise  adequate rest  controlling our stress levels  avoiding bad habits  and adopting good habits. The rewards for doing so are increased physical well-being  mental sharpness  and spiritual fulfillment. So why wait? Begin now to transform ourselves into healthier versions of who we already are.  References: 1. Centers for Disease Control and Prevention (CDC). Health
OpenOrca-Zephyr-7B-exl2-4_0, https://huggingface.co/bartowski/OpenOrca-Zephyr-7B-exl2,2, True, 16-bit, False, True, True,400,7.65,105,4.93, C++ is                                                                                              , C++ is the preferred language for a number of reasons. First  it offers more control over system resources  allowing developers to optimize their code and get the most out of hardware. Secondly  C++'s syntax can be easier to read and understand than that of other high-level languages like Java or Python  which can help developers catch errors before they become major issues. Finally  since C++ has been around for much longer than many newer  high-level languages  there are already numerous libraries available that provide functionality in various fields such as graphics programming  game development  and network programming.  However  there are certainly downsides to using C++. One of the main disadvantages is its steep learning curve; while experienced programmers may find C++ straightforward  beginners might struggle with the complexities of the language and syntax. Another potential issue is the danger of memory leaks - due to manual memory management  developers must ensure they don't forget to deallocate resources when finished with them  or else they risk running out of memory or causing application crashes.  C++ is also less popular amongst new developers  who often prefer languages with simpler syntax and more modern features. For this reason  some people argue that learning C++ could limit future job opportunities in an increasingly competitive job market.   In conclusion  while C++ comes with certain advantages and disadvantages  it remains a powerful tool for developers looking to create efficient  resourceful programs. As long as you are aware of its pitfalls and prepared to invest time into mastering the language  C++ can offer significant benefits for your software projects. The choice between learning C++ versus another language like Python depends on the specific needs of your project and your personal preferences. If you want to work with system resources or need maximum control over how your code runs  then C++ can definitely be the right choice. However  if you prioritize ease of use  quicker development times 
OpenOrca-Zephyr-7B-exl2-4_0, https://huggingface.co/bartowski/OpenOrca-Zephyr-7B-exl2,4, True, 16-bit, False, True, True,400,10.17,157,4.93, Too many cooks spoil the                                                                            ," Too many cooks spoil the broth."" 2. ""Don't judge a book by its cover."" 3. ""Haste makes waste."" 4. ""A penny saved is a penny earned."" 5. ""The early bird catches the worm."" 6. ""A stitch in time saves nine."" 7. ""Birds of a feather flock together."" 8. ""Practice makes perfect."" 9. ""Absence makes the heart grow fonder."" 10. ""You can lead a horse to water  but you can't make him drink."" 11. ""If at first you don't succeed  try  try again."" 12. ""The grass is always greener on the other side."" 13. ""Familiarity breeds contempt."" 14. ""Better safe than sorry."" 15. ""Time and tide wait for no man."" 16. ""He who hesitates is lost."" 17. ""A rolling stone gathers no moss."" 18. ""Too much of a good thing can be bad."" 19. ""Out of sight  out of mind."" 20. ""An ounce of prevention is worth a pound of cure."" 21. ""Actions speak louder than words."" 22. ""It takes two to tango."" 23. ""Every cloud has a silver lining."" 24. ""Two heads are better than one."" 25. ""A picture is worth a thousand words."" 26. ""Spare the rod and spoil the child."" 27. ""A fool and his money are soon parted."" 28. ""Beauty is only skin deep."" 29. ""Good things come to those who wait."" 30. ""A change is as good as a rest"
OpenOrca-Zephyr-7B-exl2-4_0, https://huggingface.co/bartowski/OpenOrca-Zephyr-7B-exl2,8, True, 16-bit, False, True, True,400,18.77,170,4.93,"   def truncate_number(number: float) -> float:     """""" Given a positive floating point number  it can be decomposed into     and integer part (largest integer smaller than given number) and decimals     (leftover part always smaller than 1).      Return the decimal part of the number.     >>> truncate_number(3.5)     0.5     """""" ","   def truncate_number(number: float) -> float:     """""" Given a positive floating point number  it can be decomposed into     and integer part (largest integer smaller than given number) and decimals     (leftover part always smaller than 1).      Return the decimal part of the number.     >>> truncate_number(3.5)     0.5     """"""     return number - int(number) ```  In this function  we're taking a `float` as input which represents any real or imaginary value in mathematics  specifically a rationalized fractional representation of a number in base-2  represented accurately using floating-point arithmetic. The function first converts the input to an integer by rounding down to the nearest whole number. This is done through the use of Python's built-in `int()` function. Then  it calculates the remaining portion by subtracting the integer from the original `float`. The result will always be less than one since it only includes the leftover digits after rounding down to a whole number.  Example usage:  ```python >>> truncate_number(3.5) 0.5 ```  This shows that when passing 3.5 as an argument  the output is the decimal part of that number  which is 0.5. If you pass 7.9 as an argument  the output would be 0.9. So  essentially  the function rounds down to the nearest whole number and returns the part that was rounded off.  To learn more about functions in Python  you might want to check out [this tutorial](https://www.w3schools.com/python/python_functions.asp) for further understanding.  If you have any questions regarding the provided code  feel free to ask!  Happy coding!  ---  Original question: How do I write a Python function to find the decimal part of a number?  This answer was written by AI. Generated with StackExchange Helper. Please check for accuracy before using. See full terms at stackoverflow.com/legal/trademark. Stack Exchange is not affiliated with your email provider. Contact us"
OpenHermes-2.5-neural-chat-v3-3-Slerp-exl2-4_0, https://huggingface.co/bartowski/OpenHermes-2.5-neural-chat-v3-3-Slerp-exl2,1, True, 16-bit, False, False, True,400,6.54,61,4.93, Once you eliminate all the                                                                          , Once you eliminate all the obstacles that remaining on your path  you will have a clear vision of what you want to accomplish.  #### 4. Practice self-compassionate and forgiveness  Self-compassion is an important part of our journey towards personal growth. You need to show yourself compassion when things don’t go as planned or if you make mistakes. Forgive yourself for your shortcomings because we are not perfect. It is how we respond to these challenges that defines us.  ### Conclusion  Personal development is an ongoing process and it can be difficult at times. However  with consistent effort and determination  it becomes easier over time. Remember that everyone has their own pace so don’t compare yourself to others. Instead  focus on achieving small milestones in your life that bring you closer to becoming the best version of yourself.  ### About the Author:  Caitlin Sinclair is a content writer from Newfoundland  Canada and currently resides in Vancouver. She writes about various topics including mental health  wellness  career advancement. Her goal is to create informative pieces that help people lead better lives. In her free time  she enjoys going on hikes  trying new recipes  and practicing yoga. Follow me on Twitter @caitlinsinc or visit my website www.caitlinsinclair.ca  If you like this article about Personal Development  please share it with your friends and family. Also  subscribe to our newsletter to ensure you don’t miss out on more such empowering articles!  This is author biographical information  added by Workawayer's staff members. This content is created and edited by our professional team of writers and financial experts. All written content is honest and impartial since we value our readers more than anything else. Stick around we dot publish our next vital post! The “6 Steps To Effect
OpenHermes-2.5-neural-chat-v3-3-Slerp-exl2-4_0, https://huggingface.co/bartowski/OpenHermes-2.5-neural-chat-v3-3-Slerp-exl2,2, True, 16-bit, False, True, True,400,7.9,101,4.93, C++ is                                                                                              , C++ is not compiled  optimized and run. The code in the IDE is just text – no execution happens there.  ## Why is my program not running?  A common reason for your program not working can be that you have syntax errors or a logic error. Syntax errors are mistakes that break the rules of programming language (e.g.  missing semicolon at the end of some statement). … Logic errors do not stop the program from compiling but lead to incorrect results.  ## How do I fix an error in Visual Studio?  How to Fix Common Compilation Errors When Programming in Visual Studio  1. Check for Syntax Errors. The most common cause of compilation errors is syntax errors. … 2. Make Sure All Header Files Are Included Correctly. … 3. Ensure You Have Sufficient Permissions to Access Your Headers and Other Resources. … 4. Re-install Your Visual Studio IDE.  6 янв. 2021 г.  ## What does it mean when Visual Studio says build failed?  When Visual Studio reports “Build Failed”  all it means is that the build process has encountered some issues and did not complete successfully. It could be due to a variety of reasons ranging from syntax errors in your source code right down to network connectivity problems with the server.  ## Can’t find file specified Visual Studio?  The error message ‘Cannot find file specified’ usually indicates that the Visual Studio is unable to locate one or more files that it needs for building or debugging a project. This can happen if: The required File isn’t located in the correct folder within the solution.  ## How do I know if my code is executing?  To check whether the code is actually getting executed  use print statements or debugger tools. Print statements simply output information about what’s happening in
OpenHermes-2.5-neural-chat-v3-3-Slerp-exl2-4_0, https://huggingface.co/bartowski/OpenHermes-2.5-neural-chat-v3-3-Slerp-exl2,4, True, 16-bit, False, True, True,400,9.98,160,4.93, Too many cooks spoil the                                                                            , Too many cooks spoil the broth.  ## 34. Be a good listener.  If you're too busy talking  how will you ever learn anything new? You may be surprised at what others have to say or teach you if we just take a moment to listen without judgement and simply receive their words.  ## 35. Don’t try to control everything.  Life is an unpredictable journey  so trying to control every little aspect of it can lead to unnecessary stress and frustration. Sometimes  letting go and going with the flow is the best way forward.  ## 36. Practice empathy.  Putting yourself in someone else's shoes can help build understanding and compassion toward them. This can lead to better communications and relationships.  ## 37. Learn from your mistakes.  Everyone makes mistakes - that's part of being human. The key is not to dwell on those errors but to use them as learning opportunities for growth and improvement.  ## 38. Stay humble.  No matter how successful or talented you are  there's always room for growth and self-improvement. Remembering this truth helps keep us grounded and less likely to fall into arrogance or entitlement.  ## 39. Embrace change.  Change is inevitable; resistance only causes discomfort and stagnation. Adapting positively to changes allows one to grow and explore new possibilities.  ## 40. Seek balance between work and personal life.  Both aspects of our lives require time and attention to maintain happiness and wellbeing. Achieving a healthy balance ensures fulfillment in all areas of existence.  ## 41. Develop resilience.  Learning how to bounce back after setbacks and challenges strengthens character and mental fortitude. Resilient people tend
OpenHermes-2.5-neural-chat-v3-3-Slerp-exl2-4_0, https://huggingface.co/bartowski/OpenHermes-2.5-neural-chat-v3-3-Slerp-exl2,8, True, 16-bit, False, True, True,400,19.24,166,4.93,"   def truncate_number(number: float) -> float:     """""" Given a positive floating point number  it can be decomposed into     and integer part (largest integer smaller than given number) and decimals     (leftover part always smaller than 1).      Return the decimal part of the number.     >>> truncate_number(3.5)     0.5     """""" ","   def truncate_number(number: float) -> float:     """""" Given a positive floating point number  it can be decomposed into     and integer part (largest integer smaller than given number) and decimals     (leftover part always smaller than 1).      Return the decimal part of the number.     >>> truncate_number(3.5)     0.5     """"""     return number - int(number) ```  ### Solution: ```python # Function to calculate the decimal part of a number def truncate_number(number):     # Decompose the number into an integer part and the residual after subtracting the integer part     integer_part = int(number)     decimal_part = number - integer_part     return decimal_part  number = 3.5 result = truncate_number(number) print(result) ```  Output: ``` 0.5 ```  This solution involves first casting the input `number` as an integer using built-in function `int()`. Then  we subtract this casted integer from the original `number`  which gives us the remainder or decimal part. This is then returned by the function  effectively separating the integer and decimal parts of the input number. In your example test case  the result for `truncate_number(3.5)` was `0.5`  which demonstrates that the decimal part of `3.5` is indeed `0.5`. It works correctly because we are subtracting the largest possible integer less than `3.5` (which is `3`) from `3.5`  giving us the desired output. This process of decomposing numbers into their integral and fractional elements is often used in various mathematical applications and algorithms. The key idea here is understanding how Python's arithmetic operations work to separate the whole and fractional components of a number.  In Python  the type of variable `number` should have been specified as `float` in the parameter definition of the function `truncate_number(number: float)` instead of just `number`. However  this does not affect the correctness of the program  but rather serves as good programming practice"
NeuralHermes-2.5-Mistral-7B-3.0bpw-h6-exl2, https://huggingface.co/LoneStriker/NeuralHermes-2.5-Mistral-7B-3.0bpw-h6-exl2,1, True, 16-bit, False, False, True,400,5.35,75,4.93, Once you eliminate all the                                                                          , Once you eliminate all the bad habits and many people find it difficult to quit smoking  alcoholism or overeating. In order to change your life for the better  you need to work on changing yourself as well.  ## 2. Take baby steps.  Don’t try to take on too much at once. Break down each goal into smaller goals that are easier to achieve. For example  if you want to lose weight  start by cutting out sugary drinks first before moving onto other changes in diet such as reducing portion sizes. This way  you will not feel overwhelmed with drastic changes and instead focus on small successes along the journey. Small accomplishments can lead to big ones!  ## 3. Seek support from others who share similar goals.  Find a community of like-minded individuals who are also working towards self-improvement. Joining groups or clubs that promote healthy lifestyles is an excellent way to stay motivated and hold yourself accountable when striving for personal growth.  ## 4. Develop a positive mindset.  This step is vital because it determines how you perceive situations and handle challenges. You must learn to look for solutions rather than focusing on problems. Keep a journal where you write about your daily progress and reflect on any setbacks or failures. By doing this  you gain insight into what works for you and what doesn't. It helps identify areas needing improvement and enables you to reframe negative thoughts into positivity.  ## 5. Celebrate milestones.  When you make strides toward self-improvement  don't forget to acknowledge those achievements no matter how small they may seem. Reward yourself after achieving specific milestones to keep motivation levels high.  In conclusion  embarking on a journey of self-improvement requires patience  perseverance  determination  and hard work. Remember  Rome wasn't
NeuralHermes-2.5-Mistral-7B-3.0bpw-h6-exl2, https://huggingface.co/LoneStriker/NeuralHermes-2.5-Mistral-7B-3.0bpw-h6-exl2,2, True, 16-bit, False, True, True,400,6.18,130,4.93, C++ is                                                                                              ," C++ is that C++ does not support multiple inheritance. However  a class can be derived from several classes and have several base classes. The base classes are separated by commas (Figure 3.4).  When a class derives from more than one base class  the following rules apply:  * All base classes must be listed in the base-class list of the derived class. No other order matters. * A protected access specifier on a member in a base class becomes public  while a private access specifier becomes private. * If two or more base classes contain members with the same definition  an error occurs at compile time.  **Example 3.1**: _Deriving Classes_  ``` #include<iostream> usingnames[std]; intmain() { classBase{//baseclassclassDerived:publicBase{//derivedclass public: voidprint(){ cout<<""Derivedclass\n""; } }; Derivedd; d.print(); return0; } ```  Listing 3.2 shows how to create a derived class by inheriting properties from its base class. In this example  we have created a base class named Base and a derived class named Derived. The print() function of the base class has been overridden in the derived class to output ""Derived class"". This demonstrates polymorphism in action where the base class's method has been redefined in the derived class. When we invoke the print() function  it will print ""Derived class"" instead of ""Base class"". We discuss this concept further in Chapter 5.  #### Polymorphism  Polymorphism allows us to use a base class pointer/reference to reference any object of its type or its subtype. It allows for substitutability between objects of different types  as long as they share a common interface. Let's"
NeuralHermes-2.5-Mistral-7B-3.0bpw-h6-exl2, https://huggingface.co/LoneStriker/NeuralHermes-2.5-Mistral-7B-3.0bpw-h6-exl2,4, True, 16-bit, False, True, True,400,8.36,191,4.93, Too many cooks spoil the                                                                            ," Too many cooks spoil the broth. too many opinions on how to solve it  and no solution at all. - It takes two to tango – One person cannot make a relationship work; both parties must contribute. If one or either party is not fully committed  it can lead to more problems than solutions. Acknowledge that relationships involve two people working together to achieve common goals. - Don’t judge a book by its cover – Do not be quick to judge others based on their appearance  status  age  etc. Give people a chance to prove themselves. - Be careful with your words – Watch what you say because once said  you have no control over how they will be interpreted or spread. Words are powerful tools so use them wisely. - Time heals all wounds – This is true for most situations where emotions run high due to misunderstandings. Give time and space for emotions to cool down before addressing issues head-on.  Key Takeaways:  - Communication is key in any relationship  whether personal or professional. - Relationships require effort from both parties involved. - Trust plays an essential role in building healthy relationships. - Always give someone else the benefit of doubt before making judgments about them. - Our words carry significant weight hence should be used responsibly.  ### 4. Proverbs  Proverbs refer to short  often metaphorical sayings passed down through generations as part of wisdom literature. They often contain moral teachings  expressing fundamental beliefs and values held within societies. These proverbs may also serve as cautionary tales warning against specific behaviors.  Example:  ""An empty vessel makes the loudest sound.""  This proverb implies that those who lack knowledge or substance tend to be the most vocal and opinionated since they lack other experiences to inform their perspectives.  Key Takeaways:  - Proverbs"
NeuralHermes-2.5-Mistral-7B-3.0bpw-h6-exl2, https://huggingface.co/LoneStriker/NeuralHermes-2.5-Mistral-7B-3.0bpw-h6-exl2,8, True, 16-bit, False, True, True,400,16.76,191,4.93,"   def truncate_number(number: float) -> float:     """""" Given a positive floating point number  it can be decomposed into     and integer part (largest integer smaller than given number) and decimals     (leftover part always smaller than 1).      Return the decimal part of the number.     >>> truncate_number(3.5)     0.5     """""" ","   def truncate_number(number: float) -> float:     """""" Given a positive floating point number  it can be decomposed into     and integer part (largest integer smaller than given number) and decimals     (leftover part always smaller than 1).      Return the decimal part of the number.     >>> truncate_number(3.5)     0.5     """"""     return number - math.floor(number) ```  In this example we have `truncate_number()` function that takes in a `float` type argument and returns a `float`. It's defined to take in one argument and will not mutate any external state. The name is descriptive and the implementation uses Python standard library for mathematical operations.  ## Answer (2)  # Function Definition  - Functions are defined using the keyword `function`  followed by the function name  parameters enclosed in parentheses  and the return type. - Parameters may have a default value assigned when no parameter is provided. - An arrow operator `->` separates the function definition from its body. - The body contains the code block  which ends with a semicolon `;`.  Example:  ``` function greet(name: string): string {     return ""Hello "" + name; } ```  This function accepts a single string parameter named `name` and returns a string. The body contains a concatenation operation between two strings and returns the result. Note that TypeScript supports destructuring assignments within functions.  # Function Calling  Functions are called using the function name and arguments inside parentheses.  Example:  ``` greet(""John""); // ""Hello John"" ```  The above call passes the string argument `""John""` to the `greet` function.  ## Answer (8)  **JavaScript:**  ```javascript function addNumbers(a  b){    return a+b; } ```  Function declarations in JavaScript do not require the 'function' keyword. The function body should contain an expression or a set of statements to execute as required. Function names and parameters are optional but recommended for"
OpenHermes-2.5-Mistral-7B-exl2-4.0, https://huggingface.co/bartowski/OpenHermes-2.5-Mistral-7B-exl2,1, True, 16-bit, False, False, True,400,6.63,60,4.93, Once you eliminate all the                                                                          , Once you eliminate all the clutter in items #1-#5  you can move on to organizing your pantry.  #### 6. Create a plan for your kitchen and pantry organization.  Now that you’ve decluttered everything  it’s time to organize. Start by creating a plan for each area of your kitchen. For example  decide where you want to store pots and pans  small appliances  dishes  utensils  etc. Then create zones within your pantry to organize food items such as cans  bottles  bags  and boxes. This will help make meal planning easier because you’ll have an organized space to work with!  #### 7. Labeling containers is key.  Use clear labels on your storage bins so everyone knows what goes where when putting things away or looking for something specific. You could also use color coding if that works better for your family. It’s easy enough to find colorful stickers or markers at any craft store!  #### 8. Get rid of expired and unhealthy foods.  Before you start reorganizing your pantry  take some time to sort through your nonperishable goods. Toss out anything past its prime (like old spices) as well as any items that may not be healthy choices for your family’s dietary needs. Remember: Just because it’s food doesn’t mean it should stay around forever!  ### Conclusion  Organizing your kitchen and pantry might seem like a daunting task. But following these tips and tricks  you’ll soon see how much simpler cooking becomes once everything has been put into place. With the right organizational techniques  even the most chaotic pantries can become efficient and functional spaces again. So go ahead – let’s get started! Your happy little home deserves it.”  Happy Organizing!  Sar
OpenHermes-2.5-Mistral-7B-exl2-4.0, https://huggingface.co/bartowski/OpenHermes-2.5-Mistral-7B-exl2,2, True, 16-bit, False, True, True,400,7.6,105,4.93, C++ is                                                                                              , C++ is not limited to only the code and algorithms you write. It can also include third-party libraries  frameworks  or other tools that your program uses.  ### The following are some of the advantages of using C++:  1. High Speed Performance - C++ programs tend to be highly efficient because they allow for direct manipulation of memory by the programmer. This means that C++ programs run fast and use system resources more efficiently than many other languages.  2. Object Oriented Programming - C++ supports object oriented programming  which allows developers to create reusable pieces of code known as classes. These classes contain data structures and functions that work together to perform a specific task. Using OOP in C++ makes it easier to design complex systems where many different components must interact with each other.  3. Platform Independence - Most modern computers support multiple operating systems. By writing a program in C++  you can easily port your application to any platform  whether it's Windows  Linux  Mac OS X  Android  iOS  etc.  4. Memory Management - One unique feature of C++ is its ability to manage memory allocation and deallocation itself. In contrast  garbage collected languages like Java or Python automatically clean up after themselves once an object goes out of scope. However  this comes at the cost of some efficiency since these languages need to keep track of all objects in memory.  5. Low Level Control - As a compiled language  C++ provides low level control over hardware resources such as memory addresses  CPU registers  interrupt handling  etc.  6. Multithreading Support - C++ has built-in multithreading capabilities allowing you to take advantage of multi-core processors for improved performance.  7. Concurrency - Due to its fine grained locking and resource management  C++ is well suited for concurrent programming scenarios.  8. Easy Integration
OpenHermes-2.5-Mistral-7B-exl2-4.0, https://huggingface.co/bartowski/OpenHermes-2.5-Mistral-7B-exl2,4, True, 16-bit, False, True, True,400,9.7,165,4.93, Too many cooks spoil the                                                                            , Too many cooks spoil the broth.  I think I might have overdone it with the cumin  but then again it is a personal preference. If you are not used to cumin or don’t like its flavor much  you can skip if from this recipe or reduce the quantity to your taste. Similarly  you can adjust all other spices according to your liking. The key is to balance the flavors well so that none of them overpower each other. It’s all about experimentation and finding what works best for you!  Ingredients:  - 1 large onion chopped fine - 4 cloves garlic minced - 2 green chilis finely chopped (optional) - 1 tablespoon grated ginger - ½ teaspoon turmeric powder - ½ teaspoon red chili powder - 1 teaspoon coriander powder - 1 teaspoon cumin powder - 1 teaspoon dried fenugreek leaves (kasoori methi) - 1 teaspoon salt or to taste - 1 can chickpeas drained and rinsed - 1 medium potato peeled and cut into small cubes - 3 cups water - ¼ cup fresh cilantro leaves chopped - 1 tablespoon lemon juice - 1 tablespoon oil  Instructions:  Heat oil in a pan and add chopped onions; sauté until softened. Add minced garlic  grated ginger  and green chili (if using). Sauté for another minute or two until fragrant.  Add turmeric  red chili powder  coriander powder  cumin powder  dried fenugreek leaves  and salt. Cook for a minute stirring continuously to avoid burning.  Add drained chickpeas  diced potatoes  and water.
OpenHermes-2.5-Mistral-7B-exl2-4.0, https://huggingface.co/bartowski/OpenHermes-2.5-Mistral-7B-exl2,8, True, 16-bit, False, True, True,400,18.73,171,4.93,"   def truncate_number(number: float) -> float:     """""" Given a positive floating point number  it can be decomposed into     and integer part (largest integer smaller than given number) and decimals     (leftover part always smaller than 1).      Return the decimal part of the number.     >>> truncate_number(3.5)     0.5     """""" ","   def truncate_number(number: float) -> float:     """""" Given a positive floating point number  it can be decomposed into     and integer part (largest integer smaller than given number) and decimals     (leftover part always smaller than 1).      Return the decimal part of the number.     >>> truncate_number(3.5)     0.5     """"""     return number - math.floor(number) ```  It is very easy to understand what this function does. It subtracts the largest integer lower or equal to its argument from the number itself.  ### `add_numbers()` is now useless¶  Now that we have a nice way to get the remainder when dividing by 2  there's no need for our `add_numbers()` functionality anymore. We should remove it and replace any usage with our new `truncate_number()`.  ## Conclusion¶  This is an example of how using more expressive type hints  as well as giving more meaningful names to functions  helps us in understanding code better  writing less  and making our programs simpler.  Note  The code above has been written without access to a Python interpreter at hand. As such  I do not guarantee that it will work out-of-the-box. The purpose of this text was to illustrate design choices rather than provide a working piece of software.  I would like to thank all reviewers who helped me improve the quality of my answer by suggesting changes or asking questions about it. A special thanks goes to @nigthwish for pointing out a major flaw in my initial version and helping me find this better solution.  If you found this useful  check out my other answers on Stack Overflow and visit my website [^]_. Thanks!  [^]: https://www.alexwlchan.net/category/blog/python/  Footnotes  | Footnote | Contents | | --- | --- | |  | This is a footnote. |  References  :::{seealso}  - `Python type hints <https://docs.python.org/3/library/typing.html>`__ "
Metis-0.3-4.0bpw-h6-exl2-2, https://huggingface.co/LoneStriker/Metis-0.3-4.0bpw-h6-exl2-2,1, True, 16-bit, False, False, True,400,6.54,61,4.93, Once you eliminate all the                                                                          , Once you eliminate all the noise  Question 2 will be easier to answer.  Comment: I'm not looking for a specific answer  but rather some general advice on how I might go about this problem. I don't have any data right now to test with  so my question is mostly theoretical in nature.  ## Answer (1)  To start answering your question  let me try to outline a possible approach:  Assuming that your system consists of multiple independent components  each component can be characterized by a set of parameters. For example  for a camera it could be its resolution  shutter speed  focus length etc. Similarly  for a microphone  it could be its sensitivity  frequency response and noise reduction capabilities  etc. To identify these parameters  we need to perform calibration tests using reference objects/signals. This process would yield a model for each component.  Now suppose that the system under consideration involves several such components operating together and generating raw data. The raw data may include noise from various sources like electronic interference  sensor errors etc. In order to clean up the final output  one needs to apply a signal processing algorithm to each component separately as well as collectively. Each component-specific algorithm should take into account both the noise characteristics and the known parameters. Then the results from individual components are combined at an appropriate level to generate the final result.  A popular approach for denoising signals is filtering techniques which can broadly be divided into linear and nonlinear methods. Linear filters like median filter  moving average filter and Wiener filter have been commonly used for image denoising due to their simplicity and ease of implementation. However  they tend to distort fine details if the window size is too large or fail to remove impulse noise effectively. Nonlinear techniques like wavelet shrinkage  curve letting transforms and adaptive thresholding methods are more effective especially when dealing with multiplicative noise and have shown good
Metis-0.3-4.0bpw-h6-exl2-2, https://huggingface.co/LoneStriker/Metis-0.3-4.0bpw-h6-exl2-2,2, True, 16-bit, False, True, True,400,7.81,102,4.93, C++ is                                                                                              ," C++ is the programming language that Question 2 was written in.  Comment: I don't know how to write a code for Question 2  but if you can use dynamic memory allocation (e.g.  vectors)  then your answer will be more succinct. If not  then it may make sense to define a structure or class that encapsulates all of this information into one unit. Also  do we need to check for out-of-bounds access? For example  if the user types ""10 5"" and tries to read ""array[9]""  should we throw an error or just assume that they meant to type ""array[8]""?  ## Answer (0)  **Question 1:**  The code below does what required with no errors  but it has several improvements. In particular  there are some edge cases that could cause undefined behavior; the programmer might want to add checks to prevent such issues. Additionally  the programer should consider whether these inputs can fit within the available stack space. Here's the code as it stands:  ``` #include <iostream> using namespace std; int main() {     int m  n  p = 0;     cin >> m >> n;     int sum_m = 0;     if ((m <= 0) || (n <= 0)) {         cout << ""Invalid input!"";         return -1;     }     // Check if array size is big enough to store the result     int* result = new int[(n + 1) * m];     while (m > 0 && n > 0) {         sum_m += m;         if (sum_m >= n) {             break;         }         result[p++] = sum_m;         --m;         sum"
Metis-0.3-4.0bpw-h6-exl2-2, https://huggingface.co/LoneStriker/Metis-0.3-4.0bpw-h6-exl2-2,4, True, 16-bit, False, True, True,400,10.71,149,4.93, Too many cooks spoil the                                                                            ," Too many cooks spoil the broth. Question: How can we encourage more participation in our community? Answer: By making sure that everyone has a voice and their ideas are valued  we can create an environment where people feel comfortable contributing and engaging with one another. And by ensuring that all voices are heard  we can prevent too many cooks from spoiling the broth!  ## 10. ""The early bird catches the worm."" Proverb meaning: Acting quickly and taking advantage of opportunities before others do.  Question: What's the best way to approach someone about a business opportunity? Answer: The proverb ""the early bird catches the worm"" suggests that acting quickly and seizing opportunities before others do is essential for success. So  when approaching someone about a business opportunity  make sure you act promptly and demonstrate your enthusiasm and commitment to the project. This will help increase your chances of securing their interest and partnership.  ## 11. ""Actions speak louder than words."" Proverb meaning: People's true intentions or feelings are revealed through what they do rather than what they say.  Question: How can I build trust with my team members? Answer: The proverb ""actions speak louder than words"" emphasizes that people's true intentions or feelings are revealed through their actions  not just their words. To build trust with your team members  focus on consistently demonstrating reliable and trustworthy behavior – keep your promises  follow through on commitments  show empathy  and be transparent. These actions will help establish a foundation of trust within your team.  ## 12. ""Where there's smoke  there's fire."" Proverb meaning: If something looks suspicious or seems wrong  it may indeed be so.  Question: Should I ignore some warning signs in a potential business partner? Answer: The proverb ""where there's smoke  there's fire"" suggests that if"
Metis-0.3-4.0bpw-h6-exl2-2, https://huggingface.co/LoneStriker/Metis-0.3-4.0bpw-h6-exl2-2,8, True, 16-bit, False, True, True,400,19.96,160,4.93,"   def truncate_number(number: float) -> float:     """""" Given a positive floating point number  it can be decomposed into     and integer part (largest integer smaller than given number) and decimals     (leftover part always smaller than 1).      Return the decimal part of the number.     >>> truncate_number(3.5)     0.5     """""" ","   def truncate_number(number: float) -> float:     """""" Given a positive floating point number  it can be decomposed into     and integer part (largest integer smaller than given number) and decimals     (leftover part always smaller than 1).      Return the decimal part of the number.     >>> truncate_number(3.5)     0.5     """"""     return math.modf(number)[1] ```  Now we are ready to implement our function `sum_digits`. It uses the previous functions to extract each digit from the given string and sums them up:  ```python def sum_digits(string: str) -> int:     """""" Compute the sum of digits in a given string.      A digit is any character that has an equivalent value between 0 <= x < 10 or     the special values '.' or '-'. The first character of the string cannot be zero.      >>> sum_digits('4+2-6+3')     5     """"""     assert not string.startswith(""0"")  ""The string must begin with a nonzero digit.""     digits = [truncate_number(get_next_character(string)) for _ in range(len(string))]     return sum(digits) ```  Let's test this code:  ```python if __name__ == ""__main__"":     print(sum_digits(""6.5+8"")) # Expected result: 14.5 => 6 + 8 => 14     print(sum_digits(""1.99*3^2"")) # Expected result: 9.981 => 1 + 9 + 9 + 8 + 1 => 19     print(sum_digits(""1+2+3"")) # Expected result: 6     print(sum_digits(""2-1+3"")) # Expected result: 4     print(sum_digits(""3/2+1"")) # Expected result: 2.5 => 0.5 + 1 => 1"
go-bruins-v2.1.1-3.0bpw-h6-exl2-2, https://huggingface.co/LoneStriker/go-bruins-v2.1.1-3.0bpw-h6-exl2-2,1, True, 16-bit, False, False, True,400,5.4,74,4.93, Once you eliminate all the                                                                          ," Once you eliminate all the elements of forbidden patterns  you have a set of allowed patterns.  The problem is to find all substrings in the given string that match any of those allowed patterns. In other words  we want to find all occurrences of the pattern in the input text. To solve this problem  we can use regular expressions (regex)  which are built-in functions and methods provided by most programming languages to search strings against patterns or patterns against strings. The regex syntax allows us to define complex patterns in a concise way.  In Python  you can create a regex object using the `re` module from Python's standard library as follows:  ```python import re pattern = r""\b(?:[A-Za-z0-9]+(?:[_0-9]+)?)\b"" match = re.findall(pattern  s) print(match) ```  This script creates a regex capturing the desired format with underscores and alphanumeric characters. Then it uses the `re.findall()` function to return all matches of the pattern in the input string `s`.  ### Alternative Solution  Another approach to solving this problem could be based on lexical analysis and parsing techniques. However  this would be more complicated than using regexes since lexical analysis usually involves multiple passes over the text  while reading one character at a time. This is because parsers typically need to make contextual decisions during the process. For example  if there were two rules stating that an identifier must begin with letters followed by zero or more digits  but then a rule requiring numbers to start with digits only  these two rules may conflict when analyzing input data. Lexical analysis will try to resolve such conflicts through contextual analysis.  For this specific scenario of matching alphanumeric strings with optional underscores  however  regexes"
go-bruins-v2.1.1-3.0bpw-h6-exl2-2, https://huggingface.co/LoneStriker/go-bruins-v2.1.1-3.0bpw-h6-exl2-2,2, True, 16-bit, False, True, True,400,6.62,121,4.93, C++ is                                                                                              , C++ is the best language for  * **For writing device drivers.** In this case  both assembly and C/C++ are good languages  but assembly may be more efficient when interfacing with specific hardware. Assembly  however  is a low-level programming language that requires an expert to write it  which makes it less accessible than C or C++.  In summary  if you're developing applications where performance is not critical to your application (e.g.  Web servers)  then Java  Python  Ruby  Perl  etc.  can provide great productivity advantages over C/C++ in many cases. However  if you need to develop high-performance applications such as device drivers  network protocols  and other real-time applications  C/C++ can become much more advantageous due to its ability to create highly optimized code.  ## Chapter 4 Network Fundamentals  This chapter provides an overview of computer networks from a system administrator point of view  emphasizing topics that are important for understanding networking fundamentals. We will discuss common networking technologies and protocols used within data center environments and large organizations. The primary focus of this chapter is on Ethernet technology and the Open Systems Interconnection (OSI) model; these two concepts serve as the foundation for most enterprise computing infrastructure.  ### Understanding Ethernet Technology  Ethernet is one of the most widely deployed local area network (LAN) technologies in use today. It was initially developed by Xerox in the late 1970s under the name _Alternate Memory Access Method_ (Alternate MAC Addressing--Aloha protocol). Its current standard is defined by IEEE 802.3  also known as Carrier Sense Multiple Access/Collision Detection (CSMA/CD) or just Ethernet. This technology has evolved through time into several variants  including: 
go-bruins-v2.1.1-3.0bpw-h6-exl2-2, https://huggingface.co/LoneStriker/go-bruins-v2.1.1-3.0bpw-h6-exl2-2,4, True, 16-bit, False, True, True,400,8.88,180,4.93, Too many cooks spoil the                                                                            , Too many cooks spoil the broth.”  I am reminded of a Chinese proverb  “The man who removes a mountain begins with the prospect of moving a pebble.” This means that even the biggest tasks can be made possible by taking one reasonable step at a time.  We need to recognize and respect our limitations and set realistic goals for ourselves. We should not aim too high in order to avoid discouragement and disillusionment when we fail to reach those heights. But it is also necessary to challenge ourselves and set higher standards as time goes on so that we continue to grow and improve ourselves. The key here is striking a balance between challenging oneself and being realistic about what we are capable of doing.  If you’re looking for more wisdom from ancient literature  then check out these 10 lessons from Sun Tzu – Art Of Warfare!  Please share your thoughts on this topic or any other topics related to personal development and leadership in the comments section below. I would love to hear your views!  # 9 Lessons From Aristotle: Wisdom For Leaders And Managers  Aristotle was an ancient Greek philosopher who lived from 384 BC-322 BC; his ideas have influenced various aspects of human knowledge including politics  morality  science  poetry  art  music  logic etc. His teachings were widely accepted across Europe until scientific revolutions came into play. Here are nine lessons drawn from his works and philosophy that can benefit leaders and managers today.  ## #1 Focus On Strengths & Core Competencies  “Excellence arises from having many observers of one thing and practicing one’s own activities.”  This statement emphasizes the importance of focusing on core competencies rather than spreading resources thinly over multiple unrelated fields. A company will only excel if its employees focus their attention on their strengths  making continuous improvements in
go-bruins-v2.1.1-3.0bpw-h6-exl2-2, https://huggingface.co/LoneStriker/go-bruins-v2.1.1-3.0bpw-h6-exl2-2,8, True, 16-bit, False, True, True,400,17.47,183,4.93,"   def truncate_number(number: float) -> float:     """""" Given a positive floating point number  it can be decomposed into     and integer part (largest integer smaller than given number) and decimals     (leftover part always smaller than 1).      Return the decimal part of the number.     >>> truncate_number(3.5)     0.5     """""" ","   def truncate_number(number: float) -> float:     """""" Given a positive floating point number  it can be decomposed into     and integer part (largest integer smaller than given number) and decimals     (leftover part always smaller than 1).      Return the decimal part of the number.     >>> truncate_number(3.5)     0.5     """"""     return number - int(number) ```  In this code we are trying to take any positive `float` value  and decompose it as an `int` part and a leftover decimal part. We then return only the decimal part which would always be between 0 and 1.  The function works fine for values like `truncate_number(2.7) # returns 0.3 or truncate_number(6.8) # returns 0.2`. However if you try `truncate_number(-4.5)`  it will return `-0.5` instead of throwing an error when the input is negative.  How could I modify my code so that when `number` is less than zero  it throws an exception?  ## Answer  You can make use of Python's builtin exception mechanism  raising an appropriate exception whenever your condition is met. In this case  when `number < 0`  raise a `ValueError` with some informative message  indicating that the input should not be negative. Here's how your function might look after modification:  ```python def truncate_number(number: float) -> float:     """""" Given a positive floating point number  it can be decomposed into     and integer part (largest integer smaller than given number) and decimals     (leftover part always smaller than 1).      Return the decimal part of the number.     """"""     if number < 0:         raise ValueError(""Input cannot be negative"")     else:         return number - int(number) ```  Now  whenever `number` turns out to be lower than zero  `ValueError` is raised with the provided message  indicating that the input must be nonnegative. If `number` is greater than"
TinyLlama-1.1B-intermediate-step-1195k-token-2.5T-exl2-8bpw, https://huggingface.co/zakoman/TinyLlama-1.1B-intermediate-step-1195k-token-2.5T-exl2,1, True, 16-bit, False, False, True,400,2.19,182,4.93, Once you eliminate all the                                                                          , Once you eliminate all the variables  we will have a better understanding of what to expect in the future. The following list is a brief overview of some of the more common types of disasters that can occur: Hurricanes and Tropical Storms Tornadoes and Winter Weather Severe Winter Weather Parts of a City Being Destroyed by Fire or Earthquake Wildfires are one of the most devastating natural disasters because they occur at any time of year. Wildfires destroy property  damage roads and bridges  and kill wildlife. If your home is located near an active fire  it's important to take action immediately so that your property doesn't burn down as well. Here are some tips for protecting yourself from a wildfire: Keep away from the area. Do not enter the area until firefighters have finished their work. If smoke fills part of you house  turn up the air conditioner or use a fan. Stay inside during the daytime if possible (doorknobs and windows may be difficult to open). When leaving the house  walk quickly in a straight line. If you need to stop to let someone know where you are going  stay calm and move forward slowly. Don't panic! It's likely that other people are in trouble too. In case of danger  stay put and don't attempt to go outside. If you must leave this way  wear bright clothing and carry water. Remember: Keep an emergency kit on hand in case of power outages  food shortage  medical problems  etc. It's also essential to take measures to protect your family members who live with you. Be sure to make arrangements with them to keep them safe while you are gone – make plans on how each person should evacuate when necessary. Don't
TinyLlama-1.1B-intermediate-step-1195k-token-2.5T-exl2-8bpw, https://huggingface.co/zakoman/TinyLlama-1.1B-intermediate-step-1195k-token-2.5T-exl2,2, True, 16-bit, False, True, True,400,2.61,306,4.93, C++ is                                                                                              , C++ is not just a programming language  but also a set of tools with which you can develop the computer itself. The most important part of it are its libraries and standard classes. They implement everything from basic mathematical algorithms to operating functions such as reading files or writing them back again. The most common way to start your project is by downloading one of many pre-made projects that you find online. These are small programs  designed for beginners  with little to no complexity. You may choose between several different languages such as Java  C++  Python  Assembly  etcetera. It's up to you whether you want to use the source code or simply download the executable file. In either case  the main goal is usually to create something simple enough so that someone who does not know a great deal about coding can understand how things work on their own. If you don't have any prior experience with these types of languages  you will probably find it easiest to use the Internet to look through other people's work. If you decide to go this route  make sure you check out the code carefully before you copy anything down; there are a lot of mistakes in poorly written code. Many of these examples will be open source  meaning someone else has already made the code available for you to use. Just because they exist doesn't mean they are safe to modify and share; if you change some aspect of the program  then you could end up breaking the original author's work. Once you get started with an example  try to think like the author when developing new features. What would they do? Think about what problems might need solving  and where the logic should reside; all these aspects help keep your project clean and organized. A good rule of thumb is to avoid adding more than four lines of code into one function. This keeps your code as self explanatory as possible  making it easier to read and debug if necessary. Keeping the lines short and
TinyLlama-1.1B-intermediate-step-1195k-token-2.5T-exl2-8bpw, https://huggingface.co/zakoman/TinyLlama-1.1B-intermediate-step-1195k-token-2.5T-exl2,4, True, 16-bit, False, True, True,400,3.26,490,4.93, Too many cooks spoil the                                                                            ," Too many cooks spoil the broth. So  how does that work for you? Do you know someone who is having a difficult time finding their voice or finding their way in the world of food? How do you help them out? Or maybe you are that person yourself. It's good to have support. What tips would you give a friend struggling with self-doubt? Let me know! I was looking forward to this post and then I read it. You can see my heartbreak at your story. So sorry. That's so hard to find your own path when everyone around you is following one  even if they aren't necessarily trying to make you feel bad about it. There has been times where I felt like an alien  but now that I am further along on my journey I understand why others might feel that way. If I could go back to 18 years old I would tell myself that I am exactly where I need to be  just take time to figure things out before jumping into something else. I completely relate with what you said about feeling like an alien sometimes. It feels like you have to prove yourself every day  which isn't always fair. And yes  take your time. Things will happen whether you want them too or not. Don't let anyone dictate how you live your life  especially yourself. Hi  I love this article because it speaks to our souls! This whole process of being ""invisible"" is something a lot of us go through – and we don't realize it until we're finally ready to move past that. Thank you for writing all these beautiful words. Oh thank you so much for reading and commenting! You are right  it takes courage to be visible. I think a lot of people get stuck in that invisible place where they believe no one sees them  or wants to hear from them. It's scary. I'"
TinyLlama-1.1B-intermediate-step-1195k-token-2.5T-exl2-8bpw, https://huggingface.co/zakoman/TinyLlama-1.1B-intermediate-step-1195k-token-2.5T-exl2,8, True, 16-bit, False, True, True,400,5.24,611,4.93,"   def truncate_number(number: float) -> float:     """""" Given a positive floating point number  it can be decomposed into     and integer part (largest integer smaller than given number) and decimals     (leftover part always smaller than 1).      Return the decimal part of the number.     >>> truncate_number(3.5)     0.5     """""" ","   def truncate_number(number: float) -> float:     """""" Given a positive floating point number  it can be decomposed into     and integer part (largest integer smaller than given number) and decimals     (leftover part always smaller than 1).      Return the decimal part of the number.     >>> truncate_number(3.5)     0.5     """"""     return int(round(math.log1p(number)))  # + import random from math import log1p  def test_truncate():     for i in range(20):         n = random.randint(64  8192)         assert truncate_number(n) == n          test_truncate() # -  # As mentioned above  the `numpy` library has an array with 1-dimensional # dimensions that represents a 1D histogram. The array is initialized as a # zero-filled vector of zeros (`ndarray.fill`)  so all elements are set to # zero. To convert this array to a numpy array  use the `astype()` method.  # + from numpy import array  a = array([[3]  [3]]) print(f""Original shape {a.shape}:\n{a}"") b = a.astype('float') print(f'Converted shape {b.shape}\n{b}') # -  # ### Computation  # Most commonly used functions: # # * **`np.sum()`** : sum of each value in an array; # * **`np.mean()`** : mean of an array (i.e.  average of its values); # * **`np.max()`** : maximum element in an array; # * **`np.min()`** : minimum element in an array; # * **`np.median()`** : median of an array.  # ### Indexing  # + import numpy as np # Create some fake data X = np.random.normal(size=(100  1)) y = X[:  0]  #"
